epoch,name,cpu_percent
1785934384,lts-app,15.80
1785934384,lts-prometheus,1.83
1785934384,lts-nginx,0.00
1785934384,lts-cadvisor,0.69
1785934384,lts-pg-exporter,1.12
1785934384,lts-grafana,1.01
1785934384,lts-postgres,3.81
1785934384,loadtest-sim-k6-run-636abec8fa7f,6.74
1785934389,loadtest-sim-k6-run-636abec8fa7f,5.27
1785934389,lts-app,15.51
1785934389,lts-prometheus,1.88
1785934389,lts-nginx,0.00
1785934389,lts-cadvisor,0.35
1785934389,lts-pg-exporter,1.12
1785934389,lts-grafana,0.96
1785934389,lts-postgres,5.21
1785934393,loadtest-sim-k6-run-636abec8fa7f,4.45
1785934393,lts-app,13.54
1785934393,lts-prometheus,1.42
1785934393,lts-nginx,0.00
1785934393,lts-cadvisor,1.91
1785934393,lts-pg-exporter,0.87
1785934393,lts-grafana,0.92
1785934393,lts-postgres,7.24
1785934397,loadtest-sim-k6-run-636abec8fa7f,4.91
1785934397,lts-app,9.53
1785934397,lts-prometheus,1.50
1785934397,lts-nginx,0.00
1785934397,lts-cadvisor,2.33
1785934397,lts-pg-exporter,1.07
1785934397,lts-grafana,0.90
1785934397,lts-postgres,4.88
1785934401,loadtest-sim-k6-run-636abec8fa7f,5.06
1785934401,lts-app,9.76
1785934401,lts-prometheus,1.43
1785934401,lts-nginx,0.00
1785934401,lts-cadvisor,1.86
1785934401,lts-pg-exporter,1.06
1785934401,lts-grafana,1.09
1785934401,lts-postgres,5.48
1785934405,loadtest-sim-k6-run-636abec8fa7f,5.27
1785934405,lts-app,11.62
1785934405,lts-prometheus,1.50
1785934405,lts-nginx,0.00
1785934405,lts-cadvisor,1.52
1785934405,lts-pg-exporter,1.29
1785934405,lts-grafana,1.12
1785934405,lts-postgres,5.68
1785934409,loadtest-sim-k6-run-636abec8fa7f,5.21
1785934409,lts-app,8.92
1785934409,lts-prometheus,1.80
1785934409,lts-nginx,0.00
1785934409,lts-cadvisor,1.73
1785934409,lts-pg-exporter,1.29
1785934409,lts-grafana,1.06
1785934409,lts-postgres,5.56
1785934413,loadtest-sim-k6-run-636abec8fa7f,8.44
1785934413,lts-app,9.17
1785934413,lts-prometheus,1.20
1785934413,lts-nginx,0.00
1785934413,lts-cadvisor,0.70
1785934413,lts-pg-exporter,1.42
1785934413,lts-grafana,1.00
1785934413,lts-postgres,6.91
1785934417,loadtest-sim-k6-run-636abec8fa7f,0.67
1785934417,lts-app,0.96
1785934417,lts-prometheus,0.80
1785934417,lts-nginx,0.00
1785934417,lts-cadvisor,2.48
1785934417,lts-pg-exporter,1.47
1785934417,lts-grafana,1.45
1785934417,lts-postgres,0.03
1785934421,loadtest-sim-k6-run-636abec8fa7f,0.48
1785934421,lts-app,1.01
1785934421,lts-prometheus,0.80
1785934421,lts-nginx,0.00
1785934421,lts-cadvisor,0.36
1785934421,lts-pg-exporter,1.26
1785934421,lts-grafana,1.18
1785934421,lts-postgres,3.66
1785934425,loadtest-sim-k6-run-636abec8fa7f,20.56
1785934425,lts-app,27.81
1785934425,lts-prometheus,6.52
1785934425,lts-nginx,0.00
1785934425,lts-cadvisor,2.30
1785934425,lts-pg-exporter,0.00
1785934425,lts-grafana,4.62
1785934425,lts-postgres,16.93
1785934429,loadtest-sim-k6-run-636abec8fa7f,21.43
1785934429,lts-app,28.28
1785934429,lts-prometheus,3.59
1785934429,lts-nginx,0.00
1785934429,lts-cadvisor,2.30
1785934429,lts-pg-exporter,0.00
1785934429,lts-grafana,0.73
1785934429,lts-postgres,17.03
1785934433,loadtest-sim-k6-run-636abec8fa7f,21.10
1785934433,lts-app,27.65
1785934433,lts-prometheus,3.32
1785934433,lts-nginx,0.00
1785934433,lts-cadvisor,1.64
1785934433,lts-pg-exporter,0.00
1785934433,lts-grafana,0.72
1785934433,lts-postgres,16.09
1785934438,loadtest-sim-k6-run-636abec8fa7f,14.30
1785934438,lts-app,25.40
1785934438,lts-prometheus,44.04
1785934438,lts-nginx,0.00
1785934438,lts-cadvisor,0.32
1785934438,lts-pg-exporter,0.00
1785934438,lts-grafana,0.75
1785934438,lts-postgres,16.74
1785934442,loadtest-sim-k6-run-636abec8fa7f,20.59
1785934442,lts-app,27.56
1785934442,lts-prometheus,2.40
1785934442,lts-nginx,0.00
1785934442,lts-cadvisor,0.22
1785934442,lts-pg-exporter,0.00
1785934442,lts-grafana,0.80
1785934442,lts-postgres,16.52
1785934446,loadtest-sim-k6-run-636abec8fa7f,13.28
1785934446,lts-app,22.60
1785934446,lts-prometheus,2.93
1785934446,lts-nginx,0.00
1785934446,lts-cadvisor,0.32
1785934446,lts-pg-exporter,0.00
1785934446,lts-grafana,0.72
1785934446,lts-postgres,17.33
1785934450,loadtest-sim-k6-run-636abec8fa7f,21.42
1785934450,lts-app,24.77
1785934450,lts-prometheus,6.56
1785934450,lts-nginx,0.00
1785934450,lts-cadvisor,0.20
1785934450,lts-pg-exporter,0.00
1785934450,lts-grafana,0.79
1785934450,lts-postgres,17.26
1785934454,loadtest-sim-k6-run-636abec8fa7f,21.18
1785934454,lts-app,34.69
1785934454,lts-prometheus,21.08
1785934454,lts-nginx,0.00
1785934454,lts-cadvisor,0.51
1785934454,lts-pg-exporter,0.00
1785934454,lts-grafana,3.45
1785934454,lts-postgres,21.42
1785934458,loadtest-sim-k6-run-636abec8fa7f,15.46
1785934458,lts-app,28.08
1785934458,lts-prometheus,50.45
1785934458,lts-nginx,0.00
1785934458,lts-cadvisor,0.38
1785934458,lts-pg-exporter,0.00
1785934458,lts-grafana,0.71
1785934458,lts-postgres,18.90
1785934462,loadtest-sim-k6-run-636abec8fa7f,14.30
1785934462,lts-app,24.12
1785934462,lts-prometheus,19.07
1785934462,lts-nginx,0.00
1785934462,lts-cadvisor,0.46
1785934462,lts-pg-exporter,0.00
1785934462,lts-grafana,0.73
1785934462,lts-postgres,17.63
1785934466,loadtest-sim-k6-run-636abec8fa7f,22.33
1785934466,lts-app,25.22
1785934466,lts-prometheus,2.99
1785934466,lts-nginx,0.00
1785934466,lts-cadvisor,0.39
1785934466,lts-pg-exporter,0.00
1785934466,lts-grafana,0.89
1785934466,lts-postgres,18.35
1785934470,loadtest-sim-k6-run-636abec8fa7f,20.95
1785934470,lts-app,21.73
1785934470,lts-prometheus,3.06
1785934470,lts-nginx,0.00
1785934470,lts-cadvisor,0.27
1785934470,lts-pg-exporter,1.16
1785934470,lts-grafana,0.80
1785934470,lts-postgres,19.74
1785934474,loadtest-sim-k6-run-636abec8fa7f,20.77
1785934474,lts-app,22.92
1785934474,lts-prometheus,36.72
1785934474,lts-nginx,0.00
1785934474,lts-cadvisor,0.29
1785934474,lts-pg-exporter,1.11
1785934474,lts-grafana,0.91
1785934474,lts-postgres,16.47
1785934478,loadtest-sim-k6-run-636abec8fa7f,21.05
1785934478,lts-app,23.20
1785934478,lts-prometheus,39.12
1785934478,lts-nginx,0.00
1785934478,lts-cadvisor,0.32
1785934478,lts-pg-exporter,1.10
1785934478,lts-grafana,0.71
1785934478,lts-postgres,14.97
1785934483,loadtest-sim-k6-run-636abec8fa7f,20.49
1785934483,lts-app,21.11
1785934483,lts-prometheus,3.13
1785934483,lts-nginx,0.00
1785934483,lts-cadvisor,1.20
1785934483,lts-pg-exporter,1.07
1785934483,lts-grafana,0.69
1785934483,lts-postgres,15.50
1785934487,loadtest-sim-k6-run-636abec8fa7f,23.23
1785934487,lts-app,26.50
1785934487,lts-prometheus,6.35
1785934487,lts-nginx,0.00
1785934487,lts-cadvisor,1.73
1785934487,lts-pg-exporter,1.25
1785934487,lts-grafana,0.78
1785934487,lts-postgres,20.67
1785934491,loadtest-sim-k6-run-636abec8fa7f,20.83
1785934491,lts-app,20.50
1785934491,lts-prometheus,3.41
1785934491,lts-nginx,0.00
1785934491,lts-cadvisor,1.68
1785934491,lts-pg-exporter,0.87
1785934491,lts-grafana,0.73
1785934491,lts-postgres,15.43
1785934495,loadtest-sim-k6-run-636abec8fa7f,13.96
1785934495,lts-app,23.07
1785934495,lts-prometheus,15.51
1785934495,lts-nginx,0.00
1785934495,lts-cadvisor,2.12
1785934495,lts-pg-exporter,0.98
1785934495,lts-grafana,0.84
1785934495,lts-postgres,15.90
1785934499,loadtest-sim-k6-run-636abec8fa7f,14.16
1785934499,lts-app,23.72
1785934499,lts-prometheus,50.12
1785934499,lts-nginx,0.00
1785934499,lts-cadvisor,0.40
1785934499,lts-pg-exporter,0.96
1785934499,lts-grafana,1.21
1785934499,lts-postgres,16.83
1785934503,loadtest-sim-k6-run-636abec8fa7f,13.98
1785934503,lts-app,25.94
1785934503,lts-prometheus,14.52
1785934503,lts-nginx,0.00
1785934503,lts-cadvisor,1.71
1785934503,lts-pg-exporter,0.98
1785934503,lts-grafana,0.73
1785934503,lts-postgres,16.83
1785934507,loadtest-sim-k6-run-636abec8fa7f,14.34
1785934507,lts-app,25.46
1785934507,lts-prometheus,3.28
1785934507,lts-nginx,0.00
1785934507,lts-cadvisor,1.77
1785934507,lts-pg-exporter,1.05
1785934507,lts-grafana,0.71
1785934507,lts-postgres,16.32
1785934511,loadtest-sim-k6-run-636abec8fa7f,23.38
1785934511,lts-app,26.19
1785934511,lts-prometheus,3.21
1785934511,lts-nginx,0.00
1785934511,lts-cadvisor,1.70
1785934511,lts-pg-exporter,1.04
1785934511,lts-grafana,1.24
1785934511,lts-postgres,19.33
