1785936433,lts-app,1.31
1785936433,lts-nginx,0.00
1785936433,lts-grafana,0.94
1785936433,lts-pg-exporter,1.16
1785936433,lts-postgres,3.59
1785936433,lts-prometheus,0.40
1785936437,loadtest-sim-k6-run-229318270606,9.80
1785936437,lts-app,16.33
1785936437,lts-nginx,0.00
1785936437,lts-grafana,0.73
1785936437,lts-pg-exporter,0.00
1785936437,lts-postgres,7.00
1785936437,lts-prometheus,50.63
1785936441,loadtest-sim-k6-run-229318270606,9.84
1785936441,lts-app,16.22
1785936441,lts-nginx,0.00
1785936441,lts-grafana,1.03
1785936441,lts-pg-exporter,1.16
1785936441,lts-postgres,11.85
1785936441,lts-prometheus,0.36
1785936445,loadtest-sim-k6-run-229318270606,7.84
1785936445,lts-app,12.62
1785936445,lts-nginx,0.00
1785936445,lts-grafana,0.84
1785936445,lts-pg-exporter,1.08
1785936445,lts-postgres,6.74
1785936445,lts-prometheus,5.66
1785936449,loadtest-sim-k6-run-229318270606,21.12
1785936449,lts-app,14.55
1785936449,lts-nginx,0.00
1785936449,lts-grafana,0.92
1785936449,lts-pg-exporter,0.00
1785936449,lts-postgres,7.29
1785936449,lts-prometheus,4.21
1785936453,loadtest-sim-k6-run-229318270606,8.98
1785936453,lts-app,13.75
1785936453,lts-nginx,0.00
1785936453,lts-grafana,0.81
1785936453,lts-pg-exporter,0.00
1785936453,lts-postgres,7.48
1785936453,lts-prometheus,1.00
1785936457,loadtest-sim-k6-run-229318270606,12.64
1785936457,lts-app,14.10
1785936457,lts-nginx,0.00
1785936457,lts-grafana,0.94
1785936457,lts-pg-exporter,0.00
1785936457,lts-postgres,7.51
1785936457,lts-prometheus,0.44
1785936461,loadtest-sim-k6-run-229318270606,10.46
1785936461,lts-app,15.51
1785936461,lts-nginx,0.00
1785936461,lts-grafana,1.04
1785936461,lts-pg-exporter,0.00
1785936461,lts-postgres,6.24
1785936461,lts-prometheus,0.50
1785936465,loadtest-sim-k6-run-229318270606,10.03
1785936465,lts-app,18.24
1785936465,lts-nginx,0.00
1785936465,lts-grafana,1.17
1785936465,lts-pg-exporter,0.00
1785936465,lts-postgres,6.31
1785936465,lts-prometheus,0.14
1785936470,loadtest-sim-k6-run-229318270606,9.69
1785936470,lts-app,14.82
1785936470,lts-nginx,0.00
1785936470,lts-grafana,2.58
1785936470,lts-pg-exporter,0.00
1785936470,lts-postgres,5.86
1785936470,lts-prometheus,5.11
1785936474,loadtest-sim-k6-run-229318270606,15.41
1785936474,lts-app,15.72
1785936474,lts-nginx,0.00
1785936474,lts-grafana,1.15
1785936474,lts-pg-exporter,0.00
1785936474,lts-postgres,5.83
1785936474,lts-prometheus,4.64
1785936478,loadtest-sim-k6-run-229318270606,15.25
1785936478,lts-app,14.42
1785936478,lts-nginx,0.00
1785936478,lts-grafana,0.96
1785936478,lts-pg-exporter,0.00
1785936478,lts-postgres,5.72
1785936478,lts-prometheus,0.24
1785936482,loadtest-sim-k6-run-229318270606,9.14
1785936482,lts-app,13.73
1785936482,lts-nginx,0.00
1785936482,lts-grafana,1.07
1785936482,lts-pg-exporter,0.00
1785936482,lts-postgres,5.93
1785936482,lts-prometheus,0.32
1785936486,loadtest-sim-k6-run-229318270606,9.82
1785936486,lts-app,15.00
1785936486,lts-nginx,0.00
1785936486,lts-grafana,1.15
1785936486,lts-pg-exporter,0.00
1785936486,lts-postgres,6.28
1785936486,lts-prometheus,0.40
1785936490,loadtest-sim-k6-run-229318270606,12.96
1785936490,lts-app,14.16
1785936490,lts-nginx,0.00
1785936490,lts-grafana,0.86
1785936490,lts-pg-exporter,0.00
1785936490,lts-postgres,6.13
1785936490,lts-prometheus,5.36
1785936494,loadtest-sim-k6-run-229318270606,8.94
1785936494,lts-app,3.55
1785936494,lts-nginx,0.00
1785936494,lts-grafana,0.97
1785936494,lts-pg-exporter,0.00
1785936494,lts-postgres,2.29
1785936494,lts-prometheus,41.00
1785936498,loadtest-sim-k6-run-229318270606,1.24
1785936498,lts-app,2.02
1785936498,lts-nginx,0.00
1785936498,lts-grafana,1.87
1785936498,lts-pg-exporter,0.00
1785936498,lts-postgres,2.00
1785936498,lts-prometheus,0.97
1785936502,loadtest-sim-k6-run-229318270606,1.20
1785936502,lts-app,1.86
1785936502,lts-nginx,0.00
1785936502,lts-grafana,2.09
1785936502,lts-pg-exporter,2.53
1785936502,lts-postgres,5.08
1785936502,lts-prometheus,12.43
1785936506,loadtest-sim-k6-run-229318270606,40.41
1785936506,lts-app,62.24
1785936506,lts-nginx,0.00
1785936506,lts-grafana,1.03
1785936506,lts-pg-exporter,0.91
1785936506,lts-postgres,18.80
1785936506,lts-prometheus,0.38
1785936511,loadtest-sim-k6-run-229318270606,68.83
1785936511,lts-app,91.91
1785936511,lts-nginx,0.00
1785936511,lts-grafana,1.14
1785936511,lts-pg-exporter,1.28
1785936511,lts-postgres,44.62
1785936511,lts-prometheus,9.23
1785936515,loadtest-sim-k6-run-229318270606,68.33
1785936515,lts-app,84.31
1785936515,lts-nginx,0.00
1785936515,lts-grafana,0.84
1785936515,lts-pg-exporter,1.09
1785936515,lts-postgres,39.89
1785936515,lts-prometheus,15.66
1785936519,loadtest-sim-k6-run-229318270606,94.05
1785936519,lts-app,121.43
1785936519,lts-nginx,0.00
1785936519,lts-grafana,1.11
1785936519,lts-pg-exporter,1.06
1785936519,lts-postgres,54.21
1785936519,lts-prometheus,1.23
1785936523,loadtest-sim-k6-run-229318270606,91.67
1785936523,lts-app,106.45
1785936523,lts-nginx,0.00
1785936523,lts-grafana,1.03
1785936523,lts-pg-exporter,1.74
1785936523,lts-postgres,66.13
1785936523,lts-prometheus,6.85
1785936527,loadtest-sim-k6-run-229318270606,57.91
1785936527,lts-app,73.72
1785936527,lts-nginx,0.00
1785936527,lts-grafana,0.76
1785936527,lts-pg-exporter,1.14
1785936527,lts-postgres,30.85
1785936527,lts-prometheus,0.15
1785936531,loadtest-sim-k6-run-229318270606,67.02
1785936531,lts-app,79.00
1785936531,lts-nginx,0.00
1785936531,lts-grafana,0.89
1785936531,lts-pg-exporter,1.52
1785936531,lts-postgres,34.69
1785936531,lts-prometheus,0.20
1785936535,loadtest-sim-k6-run-229318270606,71.59
1785936535,lts-app,87.07
1785936535,lts-nginx,0.00
1785936535,lts-grafana,0.94
1785936535,lts-pg-exporter,0.82
1785936535,lts-postgres,46.76
1785936535,lts-prometheus,49.12
1785936539,loadtest-sim-k6-run-229318270606,89.21
1785936539,lts-app,104.08
1785936539,lts-nginx,0.00
1785936539,lts-grafana,1.23
1785936539,lts-pg-exporter,0.00
1785936539,lts-postgres,69.17
1785936539,lts-prometheus,9.65
1785936544,loadtest-sim-k6-run-229318270606,98.32
1785936544,lts-app,90.88
1785936544,lts-nginx,0.00
1785936544,lts-grafana,1.01
1785936544,lts-pg-exporter,0.00
1785936544,lts-postgres,54.17
1785936544,lts-prometheus,0.94
1785936548,loadtest-sim-k6-run-229318270606,56.82
1785936548,lts-app,71.54
1785936548,lts-nginx,0.00
1785936548,lts-grafana,0.75
1785936548,lts-pg-exporter,0.00
1785936548,lts-postgres,28.83
1785936548,lts-prometheus,0.36
1785936552,loadtest-sim-k6-run-229318270606,65.74
1785936552,lts-app,82.69
1785936552,lts-nginx,0.00
1785936552,lts-grafana,0.89
1785936552,lts-pg-exporter,0.00
1785936552,lts-postgres,36.72
1785936552,lts-prometheus,0.12
1785936556,loadtest-sim-k6-run-229318270606,65.95
1785936556,lts-app,82.63
1785936556,lts-nginx,0.00
1785936556,lts-grafana,0.72
1785936556,lts-pg-exporter,0.00
1785936556,lts-postgres,36.94
1785936556,lts-prometheus,0.16
1785936560,loadtest-sim-k6-run-229318270606,71.05
1785936560,lts-app,87.47
1785936560,lts-nginx,0.00
1785936560,lts-grafana,1.12
1785936560,lts-pg-exporter,0.00
1785936560,lts-postgres,41.65
1785936560,lts-prometheus,14.58
1785936564,loadtest-sim-k6-run-229318270606,61.33
1785936564,lts-app,71.84
1785936564,lts-nginx,0.00
1785936564,lts-grafana,0.77
1785936564,lts-pg-exporter,0.88
1785936564,lts-postgres,31.20
1785936564,lts-prometheus,0.57
1785936568,loadtest-sim-k6-run-229318270606,75.40
1785936568,lts-app,76.58
1785936568,lts-nginx,0.00
1785936568,lts-grafana,0.88
1785936568,lts-pg-exporter,0.00
1785936568,lts-postgres,32.24
1785936568,lts-prometheus,5.12
1785936573,loadtest-sim-k6-run-229318270606,101.65
1785936573,lts-app,107.76
1785936573,lts-nginx,0.00
1785936573,lts-grafana,1.20
1785936573,lts-pg-exporter,2.04
1785936573,lts-postgres,76.55
1785936573,lts-prometheus,26.02
1785936577,loadtest-sim-k6-run-229318270606,77.14
1785936577,lts-app,92.90
1785936577,lts-nginx,0.00
1785936577,lts-grafana,0.85
1785936577,lts-pg-exporter,0.00
1785936577,lts-postgres,50.88
1785936577,lts-prometheus,0.54
1785936581,loadtest-sim-k6-run-229318270606,83.61
1785936581,lts-app,107.18
1785936581,lts-nginx,0.00
1785936581,lts-grafana,1.36
1785936581,lts-pg-exporter,1.48
1785936581,lts-postgres,61.81
1785936581,lts-prometheus,0.47
1785936585,loadtest-sim-k6-run-229318270606,71.47
1785936585,lts-app,81.13
1785936585,lts-nginx,0.00
1785936585,lts-grafana,0.87
1785936585,lts-pg-exporter,0.92
1785936585,lts-postgres,43.06
1785936585,lts-prometheus,20.25
1785936589,loadtest-sim-k6-run-229318270606,85.12
1785936589,lts-app,88.59
1785936589,lts-nginx,0.00
1785936589,lts-grafana,0.89
1785936589,lts-pg-exporter,0.97
1785936589,lts-postgres,40.96
1785936589,lts-prometheus,0.61
1785936593,loadtest-sim-k6-run-229318270606,65.37
1785936593,lts-app,83.36
1785936593,lts-nginx,0.00
1785936593,lts-grafana,0.73
1785936593,lts-pg-exporter,0.89
1785936593,lts-postgres,37.84
1785936593,lts-prometheus,0.12
1785936597,loadtest-sim-k6-run-229318270606,83.70
1785936597,lts-app,93.99
1785936597,lts-nginx,0.00
1785936597,lts-grafana,0.93
1785936597,lts-pg-exporter,0.78
1785936597,lts-postgres,48.76
1785936597,lts-prometheus,0.19
1785936601,loadtest-sim-k6-run-229318270606,76.44
1785936601,lts-app,92.71
1785936601,lts-nginx,0.00
1785936601,lts-grafana,0.83
1785936601,lts-pg-exporter,0.01
1785936601,lts-postgres,45.97
1785936601,lts-prometheus,0.37
1785936605,loadtest-sim-k6-run-229318270606,79.33
1785936605,lts-app,89.59
1785936605,lts-nginx,0.00
1785936605,lts-grafana,1.01
1785936605,lts-pg-exporter,0.00
1785936605,lts-postgres,43.06
1785936605,lts-prometheus,16.44
1785936610,loadtest-sim-k6-run-229318270606,72.34
1785936610,lts-app,97.08
1785936610,lts-nginx,0.00
1785936610,lts-grafana,0.78
1785936610,lts-pg-exporter,0.00
1785936610,lts-postgres,43.92
1785936610,lts-prometheus,11.06
1785936614,loadtest-sim-k6-run-229318270606,97.26
1785936614,lts-app,93.86
1785936614,lts-nginx,0.00
1785936614,lts-grafana,0.73
1785936614,lts-pg-exporter,0.00
1785936614,lts-postgres,45.23
1785936614,lts-prometheus,16.55
1785936618,loadtest-sim-k6-run-229318270606,75.09
1785936618,lts-app,93.23
1785936618,lts-nginx,0.00
1785936618,lts-grafana,0.90
1785936618,lts-pg-exporter,0.00
1785936618,lts-postgres,45.27
1785936618,lts-prometheus,0.31
1785936622,loadtest-sim-k6-run-229318270606,76.80
1785936622,lts-app,96.58
1785936622,lts-nginx,0.00
1785936622,lts-grafana,0.75
1785936622,lts-pg-exporter,0.00
1785936622,lts-postgres,47.10
1785936622,lts-prometheus,0.61
1785936626,loadtest-sim-k6-run-229318270606,76.56
1785936626,lts-app,94.79
1785936626,lts-nginx,0.00
1785936626,lts-grafana,0.90
1785936626,lts-pg-exporter,0.00
1785936626,lts-postgres,49.16
1785936626,lts-prometheus,0.28
1785936630,loadtest-sim-k6-run-229318270606,76.15
1785936630,lts-app,94.68
1785936630,lts-nginx,0.00
1785936630,lts-grafana,0.88
1785936630,lts-pg-exporter,0.00
1785936630,lts-postgres,48.42
1785936630,lts-prometheus,51.20
1785936634,loadtest-sim-k6-run-229318270606,83.33
1785936634,lts-app,87.85
1785936634,lts-nginx,0.00
1785936634,lts-grafana,0.76
1785936634,lts-pg-exporter,0.00
1785936634,lts-postgres,38.92
1785936634,lts-prometheus,0.97
1785936638,loadtest-sim-k6-run-229318270606,86.08
1785936638,lts-app,96.78
1785936638,lts-nginx,0.00
1785936638,lts-grafana,0.86
1785936638,lts-pg-exporter,1.05
1785936638,lts-postgres,51.00
1785936638,lts-prometheus,0.35
1785936642,loadtest-sim-k6-run-229318270606,82.44
1785936642,lts-app,99.81
1785936642,lts-nginx,0.00
1785936642,lts-grafana,0.79
1785936642,lts-pg-exporter,0.98
1785936642,lts-postgres,51.72
1785936642,lts-prometheus,0.15
1785936647,loadtest-sim-k6-run-229318270606,84.53
1785936647,lts-app,101.45
1785936647,lts-nginx,0.00
1785936647,lts-grafana,0.85
1785936647,lts-pg-exporter,1.26
1785936647,lts-postgres,53.67
1785936647,lts-prometheus,0.16
1785936651,loadtest-sim-k6-run-229318270606,90.89
1785936651,lts-app,108.98
1785936651,lts-nginx,0.00
1785936651,lts-grafana,1.07
1785936651,lts-pg-exporter,1.17
1785936651,lts-postgres,63.71
1785936651,lts-prometheus,52.32
1785936655,loadtest-sim-k6-run-229318270606,76.60
1785936655,lts-app,97.29
1785936655,lts-nginx,0.00
1785936655,lts-grafana,1.02
1785936655,lts-pg-exporter,1.08
1785936655,lts-postgres,54.24
1785936655,lts-prometheus,0.33
1785936659,loadtest-sim-k6-run-229318270606,100.86
1785936659,lts-app,100.65
1785936659,lts-nginx,0.00
1785936659,lts-grafana,1.01
1785936659,lts-pg-exporter,0.83
1785936659,lts-postgres,53.46
1785936659,lts-prometheus,0.78
1785936663,loadtest-sim-k6-run-229318270606,81.09
1785936663,lts-app,104.38
1785936663,lts-nginx,0.00
1785936663,lts-grafana,0.76
1785936663,lts-pg-exporter,1.55
1785936663,lts-postgres,53.69
1785936663,lts-prometheus,0.80
1785936667,loadtest-sim-k6-run-229318270606,81.66
1785936667,lts-app,102.20
1785936667,lts-nginx,0.00
1785936667,lts-grafana,0.89
1785936667,lts-pg-exporter,1.38
1785936667,lts-postgres,52.28
1785936667,lts-prometheus,0.15
1785936671,loadtest-sim-k6-run-229318270606,91.78
1785936671,lts-app,109.59
1785936671,lts-nginx,0.00
1785936671,lts-grafana,1.07
1785936671,lts-pg-exporter,0.00
1785936671,lts-postgres,61.14
1785936671,lts-prometheus,51.62
1785936674,loadtest-sim-k6-run-229318270606,91.63
1785936674,lts-app,106.72
1785936674,lts-nginx,0.00
1785936674,lts-grafana,1.01
1785936674,lts-pg-exporter,1.00
1785936674,lts-postgres,54.19
1785936674,lts-prometheus,1.04
1785936678,loadtest-sim-k6-run-229318270606,108.14
1785936678,lts-app,98.04
1785936678,lts-nginx,0.00
1785936678,lts-grafana,0.86
1785936678,lts-pg-exporter,0.00
1785936678,lts-postgres,51.82
1785936678,lts-prometheus,1.01
1785936683,loadtest-sim-k6-run-229318270606,82.11
1785936683,lts-app,99.21
1785936683,lts-nginx,0.00
1785936683,lts-grafana,0.84
1785936683,lts-pg-exporter,1.73
1785936683,lts-postgres,55.93
1785936683,lts-prometheus,3.99
1785936687,loadtest-sim-k6-run-229318270606,80.12
1785936687,lts-app,99.24
1785936687,lts-nginx,0.00
1785936687,lts-grafana,0.77
1785936687,lts-pg-exporter,0.82
1785936687,lts-postgres,52.04
1785936687,lts-prometheus,0.13
1785936691,loadtest-sim-k6-run-229318270606,92.39
1785936691,lts-app,108.66
1785936691,lts-nginx,0.00
1785936691,lts-grafana,1.54
1785936691,lts-pg-exporter,1.06
1785936691,lts-postgres,64.96
1785936691,lts-prometheus,50.99
1785936695,loadtest-sim-k6-run-229318270606,86.02
1785936695,lts-app,108.30
1785936695,lts-nginx,0.00
1785936695,lts-grafana,0.88
1785936695,lts-pg-exporter,0.79
1785936695,lts-postgres,57.23
1785936695,lts-prometheus,0.29
1785936699,loadtest-sim-k6-run-229318270606,106.65
1785936699,lts-app,102.22
1785936699,lts-nginx,0.00
1785936699,lts-grafana,0.73
1785936699,lts-pg-exporter,0.79
1785936699,lts-postgres,58.17
1785936699,lts-prometheus,1.24
1785936703,loadtest-sim-k6-run-229318270606,81.02
1785936703,lts-app,110.11
1785936703,lts-nginx,0.00
1785936703,lts-grafana,0.78
1785936703,lts-pg-exporter,1.57
1785936703,lts-postgres,59.09
1785936703,lts-prometheus,0.77
1785936707,loadtest-sim-k6-run-229318270606,87.83
1785936707,lts-app,110.70
1785936707,lts-nginx,0.00
1785936707,lts-grafana,0.90
1785936707,lts-pg-exporter,0.00
1785936707,lts-postgres,59.40
1785936707,lts-prometheus,0.25
1785936711,loadtest-sim-k6-run-229318270606,92.88
1785936711,lts-app,110.41
1785936711,lts-nginx,0.00
1785936711,lts-grafana,0.78
1785936711,lts-pg-exporter,0.00
1785936711,lts-postgres,64.48
1785936711,lts-prometheus,51.99
1785936715,loadtest-sim-k6-run-229318270606,91.34
1785936715,lts-app,110.25
1785936715,lts-nginx,0.00
1785936715,lts-grafana,0.88
1785936715,lts-pg-exporter,0.00
1785936715,lts-postgres,59.92
1785936715,lts-prometheus,13.95
1785936720,loadtest-sim-k6-run-229318270606,90.65
1785936720,lts-app,110.61
1785936720,lts-nginx,0.00
1785936720,lts-grafana,0.93
1785936720,lts-pg-exporter,0.00
1785936720,lts-postgres,66.39
1785936720,lts-prometheus,12.28
1785936724,loadtest-sim-k6-run-229318270606,107.72
1785936724,lts-app,102.27
1785936724,lts-nginx,0.00
1785936724,lts-grafana,0.82
1785936724,lts-pg-exporter,0.00
1785936724,lts-postgres,57.95
1785936724,lts-prometheus,1.24
1785936728,loadtest-sim-k6-run-229318270606,87.49
1785936728,lts-app,111.51
1785936728,lts-nginx,0.00
1785936728,lts-grafana,0.86
1785936728,lts-pg-exporter,0.00
1785936728,lts-postgres,58.56
1785936728,lts-prometheus,0.33
1785936732,loadtest-sim-k6-run-229318270606,91.83
1785936732,lts-app,110.28
1785936732,lts-nginx,0.00
1785936732,lts-grafana,0.89
1785936732,lts-pg-exporter,0.00
1785936732,lts-postgres,59.76
1785936732,lts-prometheus,52.86
1785936736,loadtest-sim-k6-run-229318270606,100.66
1785936736,lts-app,113.17
1785936736,lts-nginx,0.00
1785936736,lts-grafana,1.14
1785936736,lts-pg-exporter,0.00
1785936736,lts-postgres,66.79
1785936736,lts-prometheus,0.48
1785936740,loadtest-sim-k6-run-229318270606,97.20
1785936740,lts-app,113.32
1785936740,lts-nginx,0.00
1785936740,lts-grafana,1.59
1785936740,lts-pg-exporter,0.00
1785936740,lts-postgres,63.83
1785936740,lts-prometheus,32.22
1785936744,loadtest-sim-k6-run-229318270606,89.75
1785936744,lts-app,107.37
1785936744,lts-nginx,0.00
1785936744,lts-grafana,0.84
1785936744,lts-pg-exporter,1.03
1785936744,lts-postgres,58.94
1785936744,lts-prometheus,0.88
1785936749,loadtest-sim-k6-run-229318270606,101.97
1785936749,lts-app,94.47
1785936749,lts-nginx,0.00
1785936749,lts-grafana,0.73
1785936749,lts-pg-exporter,1.53
1785936749,lts-postgres,45.69
1785936749,lts-prometheus,0.14
1785936753,loadtest-sim-k6-run-229318270606,89.66
1785936753,lts-app,106.20
1785936753,lts-nginx,0.00
1785936753,lts-grafana,0.85
1785936753,lts-pg-exporter,0.98
1785936753,lts-postgres,52.23
1785936753,lts-prometheus,25.91
1785936757,loadtest-sim-k6-run-229318270606,82.20
1785936757,lts-app,109.35
1785936757,lts-nginx,0.00
1785936757,lts-grafana,0.88
1785936757,lts-pg-exporter,0.95
1785936757,lts-postgres,53.89
1785936757,lts-prometheus,0.36
1785936761,loadtest-sim-k6-run-229318270606,89.33
1785936761,lts-app,101.49
1785936761,lts-nginx,0.00
1785936761,lts-grafana,1.00
1785936761,lts-pg-exporter,1.07
1785936761,lts-postgres,52.21
1785936761,lts-prometheus,5.26
1785936765,loadtest-sim-k6-run-229318270606,85.10
1785936765,lts-app,110.36
1785936765,lts-nginx,0.00
1785936765,lts-grafana,0.78
1785936765,lts-pg-exporter,1.20
1785936765,lts-postgres,63.93
1785936765,lts-prometheus,21.53
1785936769,loadtest-sim-k6-run-229318270606,112.37
1785936769,lts-app,108.47
1785936769,lts-nginx,0.00
1785936769,lts-grafana,0.95
1785936769,lts-pg-exporter,0.89
1785936769,lts-postgres,57.15
1785936769,lts-prometheus,0.67
1785936773,loadtest-sim-k6-run-229318270606,96.03
1785936773,lts-app,114.62
1785936773,lts-nginx,0.00
1785936773,lts-grafana,0.83
1785936773,lts-pg-exporter,0.93
1785936773,lts-postgres,61.08
1785936773,lts-prometheus,6.58
1785936777,loadtest-sim-k6-run-229318270606,95.62
1785936777,lts-app,105.42
1785936777,lts-nginx,0.00
1785936777,lts-grafana,0.80
1785936777,lts-pg-exporter,0.31
1785936777,lts-postgres,62.78
1785936777,lts-prometheus,0.25
1785936781,loadtest-sim-k6-run-229318270606,94.57
1785936781,lts-app,111.55
1785936781,lts-nginx,0.00
1785936781,lts-grafana,0.79
1785936781,lts-pg-exporter,0.00
1785936781,lts-postgres,60.44
1785936781,lts-prometheus,0.35
1785936786,loadtest-sim-k6-run-229318270606,94.52
1785936786,lts-app,111.33
1785936786,lts-nginx,0.00
1785936786,lts-grafana,0.99
1785936786,lts-pg-exporter,0.00
1785936786,lts-postgres,60.44
1785936786,lts-prometheus,0.14
1785936790,loadtest-sim-k6-run-229318270606,82.92
1785936790,lts-app,109.01
1785936790,lts-nginx,0.00
1785936790,lts-grafana,0.88
1785936790,lts-pg-exporter,0.00
1785936790,lts-postgres,52.72
1785936790,lts-prometheus,13.37
1785936794,loadtest-sim-k6-run-229318270606,117.91
1785936794,lts-app,114.13
1785936794,lts-nginx,0.00
1785936794,lts-grafana,1.06
1785936794,lts-pg-exporter,0.00
1785936794,lts-postgres,54.33
1785936794,lts-prometheus,1.07
1785936798,loadtest-sim-k6-run-229318270606,93.90
1785936798,lts-app,110.88
1785936798,lts-nginx,0.00
1785936798,lts-grafana,0.76
1785936798,lts-pg-exporter,0.00
1785936798,lts-postgres,56.20
1785936798,lts-prometheus,0.36
1785936802,loadtest-sim-k6-run-229318270606,96.36
1785936802,lts-app,112.38
1785936802,lts-nginx,0.00
1785936802,lts-grafana,0.70
1785936802,lts-pg-exporter,0.00
1785936802,lts-postgres,57.39
1785936802,lts-prometheus,0.38
1785936806,loadtest-sim-k6-run-229318270606,97.02
1785936806,lts-app,111.62
1785936806,lts-nginx,0.00
1785936806,lts-grafana,5.21
1785936806,lts-pg-exporter,0.00
1785936806,lts-postgres,59.31
1785936806,lts-prometheus,0.15
1785936810,loadtest-sim-k6-run-229318270606,85.36
1785936810,lts-app,108.93
1785936810,lts-nginx,0.00
1785936810,lts-grafana,0.93
1785936810,lts-pg-exporter,0.00
1785936810,lts-postgres,59.21
1785936810,lts-prometheus,40.69
1785936814,loadtest-sim-k6-run-229318270606,113.39
1785936814,lts-app,106.27
1785936814,lts-nginx,0.00
1785936814,lts-grafana,0.82
1785936814,lts-pg-exporter,0.00
1785936814,lts-postgres,56.36
1785936814,lts-prometheus,0.82
1785936818,loadtest-sim-k6-run-229318270606,103.65
1785936818,lts-app,106.04
1785936818,lts-nginx,0.00
1785936818,lts-grafana,0.81
1785936818,lts-pg-exporter,1.11
1785936818,lts-postgres,59.31
1785936818,lts-prometheus,0.19
1785936822,loadtest-sim-k6-run-229318270606,89.10
1785936822,lts-app,108.08
1785936822,lts-nginx,0.00
1785936822,lts-grafana,0.81
1785936822,lts-pg-exporter,1.11
1785936822,lts-postgres,55.37
1785936822,lts-prometheus,0.28
1785936827,loadtest-sim-k6-run-229318270606,85.83
1785936827,lts-app,108.71
1785936827,lts-nginx,0.00
1785936827,lts-grafana,0.77
1785936827,lts-pg-exporter,1.20
1785936827,lts-postgres,62.10
1785936827,lts-prometheus,0.32
1785936831,loadtest-sim-k6-run-229318270606,96.32
1785936831,lts-app,112.55
1785936831,lts-nginx,0.00
1785936831,lts-grafana,0.99
1785936831,lts-pg-exporter,1.49
1785936831,lts-postgres,63.63
1785936831,lts-prometheus,51.40
1785936835,loadtest-sim-k6-run-229318270606,90.02
1785936835,lts-app,114.65
1785936835,lts-nginx,0.00
1785936835,lts-grafana,0.75
1785936835,lts-pg-exporter,1.00
1785936835,lts-postgres,64.27
1785936835,lts-prometheus,0.32
1785936839,loadtest-sim-k6-run-229318270606,110.45
1785936839,lts-app,110.48
1785936839,lts-nginx,0.00
1785936839,lts-grafana,1.03
1785936839,lts-pg-exporter,0.99
1785936839,lts-postgres,62.69
1785936839,lts-prometheus,0.81
1785936843,loadtest-sim-k6-run-229318270606,104.42
1785936843,lts-app,113.44
1785936843,lts-nginx,0.00
1785936843,lts-grafana,0.95
1785936843,lts-pg-exporter,1.41
1785936843,lts-postgres,63.67
1785936843,lts-prometheus,0.18
1785936847,loadtest-sim-k6-run-229318270606,104.02
1785936847,lts-app,112.92
1785936847,lts-nginx,0.00
1785936847,lts-grafana,0.80
1785936847,lts-pg-exporter,1.22
1785936847,lts-postgres,63.96
1785936847,lts-prometheus,0.23
1785936851,loadtest-sim-k6-run-229318270606,102.33
1785936851,lts-app,110.81
1785936851,lts-nginx,0.00
1785936851,lts-grafana,0.76
1785936851,lts-pg-exporter,2.02
1785936851,lts-postgres,63.21
1785936851,lts-prometheus,52.15
1785936855,loadtest-sim-k6-run-229318270606,105.53
1785936855,lts-app,114.66
1785936855,lts-nginx,0.00
1785936855,lts-grafana,1.00
1785936855,lts-pg-exporter,0.00
1785936855,lts-postgres,63.21
1785936855,lts-prometheus,0.15
1785936860,loadtest-sim-k6-run-229318270606,88.10
1785936860,lts-app,110.15
1785936860,lts-nginx,0.00
1785936860,lts-grafana,1.04
1785936860,lts-pg-exporter,0.00
1785936860,lts-postgres,60.28
1785936860,lts-prometheus,33.32
1785936864,loadtest-sim-k6-run-229318270606,116.86
1785936864,lts-app,115.77
1785936864,lts-nginx,0.00
1785936864,lts-grafana,1.04
1785936864,lts-pg-exporter,0.00
1785936864,lts-postgres,56.88
1785936864,lts-prometheus,21.84
1785936868,loadtest-sim-k6-run-229318270606,90.52
1785936868,lts-app,112.57
1785936868,lts-nginx,0.00
1785936868,lts-grafana,0.73
1785936868,lts-pg-exporter,0.00
1785936868,lts-postgres,62.69
1785936868,lts-prometheus,0.31
1785936872,loadtest-sim-k6-run-229318270606,105.18
1785936872,lts-app,111.52
1785936872,lts-nginx,0.00
1785936872,lts-grafana,0.73
1785936872,lts-pg-exporter,0.00
1785936872,lts-postgres,60.97
1785936872,lts-prometheus,51.35
1785936876,loadtest-sim-k6-run-229318270606,89.65
1785936876,lts-app,114.06
1785936876,lts-nginx,0.00
1785936876,lts-grafana,0.84
1785936876,lts-pg-exporter,0.00
1785936876,lts-postgres,62.64
1785936876,lts-prometheus,3.58
1785936880,loadtest-sim-k6-run-229318270606,93.82
1785936880,lts-app,110.60
1785936880,lts-nginx,0.00
1785936880,lts-grafana,0.88
1785936880,lts-pg-exporter,0.00
1785936880,lts-postgres,64.19
1785936880,lts-prometheus,0.26
1785936884,loadtest-sim-k6-run-229318270606,118.57
1785936884,lts-app,112.08
1785936884,lts-nginx,0.00
1785936884,lts-grafana,0.82
1785936884,lts-pg-exporter,0.00
1785936884,lts-postgres,59.09
1785936884,lts-prometheus,31.46
1785936888,loadtest-sim-k6-run-229318270606,95.92
1785936888,lts-app,112.84
1785936888,lts-nginx,0.00
1785936888,lts-grafana,0.92
1785936888,lts-pg-exporter,0.48
1785936888,lts-postgres,64.35
1785936888,lts-prometheus,0.33
1785936892,loadtest-sim-k6-run-229318270606,91.28
1785936892,lts-app,109.67
1785936892,lts-nginx,0.00
1785936892,lts-grafana,6.04
1785936892,lts-pg-exporter,0.86
1785936892,lts-postgres,60.38
1785936892,lts-prometheus,3.58
1785936897,loadtest-sim-k6-run-229318270606,3.25
1785936897,lts-app,6.48
1785936897,lts-nginx,0.00
1785936897,lts-grafana,1.82
1785936897,lts-pg-exporter,2.04
1785936897,lts-postgres,7.67
1785936897,lts-prometheus,0.42
1785936901,loadtest-sim-k6-run-229318270606,0.68
1785936901,lts-app,1.36
1785936901,lts-nginx,0.00
1785936901,lts-grafana,2.49
1785936901,lts-pg-exporter,2.03
1785936901,lts-postgres,5.12
1785936901,lts-prometheus,0.52
1785936905,lts-app,1.09
1785936905,lts-nginx,0.00
1785936905,lts-grafana,1.50
1785936905,lts-pg-exporter,1.58
1785936905,lts-postgres,0.31
1785936905,lts-prometheus,0.54
